Site,Time,NN,Phosphate,Salinity,Silicate,TA,Temp_in,pH,percent_sgd
BP,Day,2.8606756756756755,0.19851351351351354,33.9939392404054,17.331756756756757,2264.113879189189,26.444209216756757,8.134743243243243,2.182840901324324
BP,Night,2.7410126582278482,0.20063291139240508,34.09478814493671,14.914303797468355,2278.5126532025315,25.23028577898734,7.9852876273670885,1.8783757931012657
W,Day,0.659047619047619,0.13535714285714284,34.03717478654762,14.653214285714286,2247.380593809524,25.711042045238095,8.070285714285713,1.8931801402619048
W,Night,0.7593827160493828,0.134320987654321,33.9975828028395,15.554074074074075,2258.7903689876543,24.824837056419753,7.955148148148148,2.0095702937530864
